jour,temperature
1,1.5
2,-3.8
3,3.4
4,4.2
5,-7.3
6,-4.6
7,1.2
8,-0.5
9,0.7
10,-2.5
11,4.5
12,4.2
13,1.4
14,5.8
15,3.3
16,-1.9
17,3.1
18,-2.1
19,5.4
20,1.8
21,1.4
22,-0.5
23,7.3
24,1.9
25,1.0
26,1.4
27,5.1
28,4.6
29,4.9
30,5.2
31,12.2
32,2.2
33,1.9
34,0.9
35,6.8
36,9.0
37,4.2
38,1.5
39,1.8
40,7.9
41,8.4
42,7.8
43,3.2
44,7.0
45,6.8
46,7.4
47,10.2
48,7.8
49,9.9
50,7.6
51,8.7
52,10.3
53,2.2
54,7.0
55,6.6
56,6.2
57,7.9
58,15.2
59,6.0
60,13.6
61,3.2
62,8.8
63,11.1
64,13.0
65,13.8
66,14.3
67,10.0
68,9.8
69,15.4
70,11.4
71,7.3
72,8.2
73,9.3
74,15.2
75,14.0
76,16.5
77,12.3
78,14.9
79,17.0
80,13.5
81,16.8
82,12.6
83,14.1
84,14.2
85,11.2
86,18.2
87,14.7
88,16.9
89,19.0
90,19.1
91,20.2
92,17.4
93,16.4
94,18.0
95,11.8
96,13.0
97,13.8
98,15.3
99,21.2
100,16.2
101,18.6
102,25.5
103,19.1
104,23.7
105,17.3
106,20.4
107,17.7
108,20.4
109,25.3
110,15.3
111,24.1
112,23.6
113,20.5
114,17.3
115,23.6
116,21.4
117,24.6
118,24.0
119,30.5
120,23.4
121,20.4
122,25.4
123,25.8
124,30.6
125,28.6
126,26.9
127,31.5
128,21.1
129,23.5
130,22.5
131,24.8
132,21.0
133,29.2
134,26.0
135,21.1
136,23.1
137,28.6
138,30.8
139,35.6
140,39.4
141,29.5
142,24.1
143,19.6
144,29.3
145,25.1
146,26.8
147,26.2
148,28.1
149,33.1
150,29.5
151,28.4
152,25.0
153,22.5
154,27.3
155,29.1
156,36.5
157,30.0
158,33.5
159,27.6
160,24.9
161,25.9
162,26.9
163,38.3
164,26.6
165,33.2
166,26.3
167,33.7
168,31.5
169,29.3
170,29.8
171,27.4
172,31.8
173,28.2
174,25.1
175,24.9
176,30.7
177,36.3
178,30.6
179,29.4
180,31.0
181,35.1
182,30.7
183,28.1
184,34.1
185,31.4
186,35.7
187,30.3
188,24.6
189,23.9
190,35.9
191,36.1
192,28.4
193,27.5
194,34.8
195,24.4
196,25.2
197,31.2
198,27.0
199,28.4
200,27.7
201,29.6
202,33.7
203,28.3
204,30.4
205,19.5
206,27.3
207,24.0
208,22.4
209,23.6
210,25.6
211,30.4
212,21.3
213,26.6
214,24.4
215,24.8
216,30.0
217,27.9
218,30.9
219,24.8
220,22.4
221,24.1
222,25.8
223,25.3
224,20.1
225,24.6
226,24.9
227,33.9
228,31.1
229,20.0
230,22.0
231,17.1
232,20.4
233,23.8
234,27.1
235,19.2
236,19.2
237,13.0
238,20.7
239,16.9
240,18.8
241,17.2
242,20.0
243,13.2
244,14.1
245,28.2
246,14.3
247,14.8
248,26.3
249,30.3
250,13.8
251,16.7
252,19.3
253,24.6
254,13.5
255,16.2
256,20.0
257,18.4
258,14.9
259,15.6
260,10.4
261,14.7
262,14.3
263,16.1
264,12.6
265,16.5
266,18.4
267,14.7
268,15.2
269,13.8
270,13.3
271,10.2
272,14.1
273,12.2
274,20.7
275,18.3
276,13.3
277,8.5
278,6.8
279,15.8
280,11.8
281,12.5
282,3.3
283,13.8
284,11.6
285,5.1
286,7.4
287,10.2
288,9.1
289,7.5
290,8.0
291,7.2
292,8.5
293,13.6
294,-2.8
295,6.3
296,7.7
297,8.0
298,5.1
299,-0.6
300,7.5
301,12.9
302,-0.4
303,9.0
304,4.1
305,4.9
306,0.8
307,3.5
308,9.8
309,6.7
310,11.2
311,8.8
312,5.6
313,10.7
314,5.3
315,6.7
316,2.0
317,3.3
318,0.1
319,6.7
320,-2.1
321,5.6
322,1.6
323,6.9
324,5.1
325,9.2
326,4.7
327,-4.6
328,1.3
329,-3.2
330,-0.7
331,7.3
332,3.7
333,-1.8
334,-3.1
335,1.0
336,-4.1
337,-2.0
338,1.9
339,5.2
340,2.9
341,-8.7
342,1.6
343,0.6
344,1.9
345,6.7
346,-8.1
347,-2.2
348,2.5
349,-6.3
350,6.0
351,1.5
352,3.4
353,-2.3
354,3.3
355,4.3
356,0.9
357,0.9
358,1.1
359,-3.4
360,-0.5
361,-0.5
362,1.7
363,4.2
364,-4.0
365,-0.3
